icache/dcache,program,size,baseSimSeconds,simSeconds
i16k-d32k,bfs,'64',0.001891,0.000854
i16k-d32k,bfs,'128',0.006728,0.003100
i16k-d32k,bfs,'256',0.028376,0.013202
i16k-d32k,bfs,'512',0.106458,0.049690
